{"lfso.16elvncom": [0.00042696629213483144, "R"], "HH.HA": [0.0038651685393258427, "R"], "WJQ.LHI": [0.004606741573033708, "R"], "SAF.H": [0.007595505617977528, "R"], "SCO.SS": [0.008426966292134831, "R"], "IW.HW": [0.00901123595505618, "R"], "env.ac.cur": [0.009213483146067417, "R"], "educ.uoe.enra29": [0.01, "R"], "SH.H2O.SMDW.RU.ZS": [0.011415730337078652, "R"], "WJQ.LMI": [0.012314606741573034, "R"], "SH.H2O.SMDW.UR.ZS": [0.014224719101123596, "R"], "WJQ.ER": [0.018157303370786516, "R"], "ilc.hcmp03": [0.0, "L"], "ilc.hcmp05": [0.0, "L"], "SP.DYN.CDRT.IN": [0.0010337078651685393, "F"], "isoc.ci.in.h": [0.0, "L"], "isoc.r.iacc.h": [0.0, "L"], "ilc.chmd04": [6.83371298405467e-05, "L"], "ilc.ats10": [9.111617312072893e-05, "L"], "SH.PRG.ANEM": [9.111617312072893e-05, "L"], "ilc.mded03": [9.111617312072893e-05, "L"], "SP.DYN.TO65.MA.ZS": [0.00011389521640091117, "L"], "ilc.mdes01": [0.00011389521640091117, "L"], "SL.EMP.1524.SP.FE.ZS": [0.00011389521640091117, "L"], "hlth.silc.01": [0.0002921348314606742, "F"], "ilc.pnp10": [0.0035955056179775282, "F"], "SE.SEC.TCHR.FE.ZS": [0.003932584269662922, "F"], "EG.ELC.RNEW.ZS": [0.009078651685393258, "F"], "SH.DYN.1519": [0.015640449438202246, "F"], "NY.ADJ.AEDU.GN.ZS": [0.016831460674157302, "F"], "SP.DYN.CBRT.IN": [0.01896629213483146, "F"], "SE.PRM.ENRL.TC.ZS": [0.019101123595505618, "F"], "SH.IMM.HEPB": [0.021235955056179777, "F"], "SE.PRM.TCHR.FE.ZS": [0.02397752808988764, "F"], "EN.ATM.CO2E.PP.GD": [0.02503370786516854, "F"]}